,ts_pct,trb_pct,ast_pct,ows,dws,ws_per_48,mp_per_g,fg_per_g,fga_per_g,fg_pct,efg_pct,ast_per_g,pts_per_g
Kawhi Leonard,0.606,11.6,16.4,6.1,3.4,0.224,34.0,9.3,18.8,0.496,0.546,3.3,26.6
Kyle Lowry,0.562,7.6,34.8,3.6,3.0,0.144,34.0,4.7,11.4,0.411,0.518,8.7,14.2
Pascal Siakam,0.628,11.6,14.6,5.7,3.6,0.175,31.9,6.5,11.8,0.549,0.591,3.1,16.9
Danny Green,0.632,7.7,7.7,3.0,2.9,0.128,27.7,3.7,7.9,0.465,0.622,1.6,10.3
Fred VanVleet,0.539,5.1,23.9,2.4,1.9,0.117,27.5,3.8,9.4,0.41,0.503,4.8,11.0
Serge Ibaka,0.582,16.1,7.7,2.8,3.3,0.146,27.2,6.3,11.9,0.529,0.557,1.3,15.0
Marc Gasol,0.565,14.3,21.2,0.9,1.2,0.157,24.9,3.3,7.2,0.465,0.527,3.9,9.1
OG Anunoby,0.544,7.9,4.7,0.3,1.7,0.07,20.2,2.7,6.0,0.453,0.536,0.7,7.0
Jeremy Lin,0.464,7.5,15.7,-0.3,0.5,0.02,18.8,2.5,6.7,0.374,0.41,2.2,7.0
Jonas Valančiūnas,0.639,20.6,8.5,1.6,1.1,0.224,18.8,5.0,8.6,0.575,0.593,1.0,12.8
Norman Powell,0.596,6.7,11.6,1.0,1.4,0.102,18.8,3.2,6.7,0.483,0.568,1.5,8.6
Delon Wright,0.527,7.5,16.8,1.0,1.3,0.123,18.3,2.6,6.0,0.433,0.485,2.2,6.9
C.J. Miles,0.484,6.5,5.2,-0.3,0.7,0.035,14.1,1.8,5.2,0.34,0.444,0.6,5.5
Patrick McCaw,0.569,7.1,9.8,0.2,0.5,0.096,13.2,0.9,2.1,0.444,0.519,1.0,2.7
Jodie Meeks,0.647,6.2,11.5,0.2,0.1,0.153,13.0,2.6,4.9,0.538,0.641,1.0,6.4
Greg Monroe,0.487,19.9,5.4,-0.1,0.7,0.071,11.1,1.9,4.2,0.46,0.46,0.4,4.8
Eric Moreland,0.5,24.1,13.3,-0.1,0.1,0.026,9.5,0.8,1.8,0.429,0.5,1.0,1.8
Lorenzo Brown,0.38,7.9,17.3,-0.5,0.3,-0.027,8.2,0.9,2.7,0.324,0.366,1.1,2.1
Malcolm Miller,0.63,4.0,2.1,0.1,0.1,0.13,6.7,1.1,2.6,0.423,0.615,0.1,3.5
Chris Boucher,0.563,18.5,1.9,0.2,0.4,0.194,5.8,1.2,2.7,0.447,0.526,0.1,3.3
Malachi Richardson,0.481,6.8,0.0,-0.2,0.1,-0.06,4.7,0.4,1.3,0.31,0.448,0.0,1.4
Jordan Loyd,0.635,8.8,15.1,0.2,0.0,0.19,4.6,0.7,1.5,0.444,0.556,0.5,2.4
Tobias Harris,0.562,11.9,12.6,1.2,0.9,0.105,35.0,6.9,14.8,0.469,0.524,2.9,18.2
Ben Simmons,0.582,13.7,34.2,4.6,3.6,0.146,34.2,6.8,12.2,0.563,0.563,7.7,16.9
Robert Covington,0.578,8.1,4.3,0.0,0.7,0.077,33.8,3.8,9.0,0.427,0.556,1.1,11.3
Joel Embiid,0.593,21.4,18.4,4.9,3.8,0.194,33.7,9.1,18.7,0.484,0.517,3.7,27.5
Jimmy Butler,0.569,8.4,18.0,4.4,2.1,0.172,33.2,6.3,13.6,0.461,0.494,4.0,18.2
JJ Redick,0.602,4.1,12.9,4.6,1.2,0.118,31.3,5.9,13.5,0.44,0.557,2.7,18.1
Dario Šarić,0.496,11.5,8.9,-0.1,0.3,0.023,30.5,3.7,10.2,0.364,0.443,2.0,11.1
Wilson Chandler,0.561,9.4,9.9,0.6,0.9,0.074,26.4,2.5,5.8,0.44,0.551,2.0,6.7
Mike Scott,0.537,8.3,4.6,0.2,0.5,0.052,24.0,2.8,7.0,0.4,0.529,0.8,7.8
Markelle Fultz,0.452,8.7,19.5,-0.1,0.4,0.035,22.5,3.4,8.2,0.419,0.432,3.1,8.2
Mike Muscala,0.56,10.2,7.9,0.9,1.0,0.087,22.1,2.3,5.9,0.392,0.514,1.3,7.4
Landry Shamet,0.606,3.7,7.4,1.6,0.6,0.096,20.5,2.8,6.4,0.441,0.584,1.1,8.3
Corey Brewer,0.484,6.4,10.0,-0.1,0.2,0.044,20.0,2.9,7.0,0.408,0.449,1.4,7.6
T.J. McConnell,0.555,6.3,24.7,1.2,1.7,0.094,19.3,2.9,5.5,0.525,0.542,3.4,6.4
Zhaire Smith,0.533,6.2,12.3,0.0,0.1,0.048,18.5,2.3,5.7,0.412,0.5,1.7,6.7
Greg Monroe,0.736,13.2,23.5,0.4,0.0,0.37,17.3,5.0,7.7,0.652,0.674,2.3,13.7
James Ennis III,0.51,12.2,6.7,0.2,0.2,0.071,15.6,1.9,4.6,0.41,0.476,0.8,5.3
Jonathon Simmons,0.553,6.3,20.7,0.2,0.2,0.101,14.6,1.9,4.3,0.453,0.523,2.2,5.5
Jonah Bolden,0.595,13.7,8.5,0.5,0.9,0.106,14.5,1.8,3.7,0.494,0.599,0.9,4.7
Furkan Korkmaz,0.528,8.3,10.7,0.4,0.7,0.079,14.1,2.0,5.1,0.4,0.496,1.1,5.8
Boban Marjanović,0.663,19.6,17.1,0.9,0.4,0.204,13.9,3.4,5.5,0.625,0.642,1.5,8.2
Shake Milton,0.483,6.9,9.2,0.1,0.3,0.059,13.4,1.7,4.4,0.391,0.471,0.9,4.4
Amir Johnson,0.574,14.7,16.0,0.4,0.7,0.098,10.4,1.5,3.1,0.503,0.541,1.2,3.9
Haywood Highsmith,0.414,6.6,6.6,0.0,0.0,-0.023,8.0,0.8,2.0,0.4,0.45,0.4,1.8
Justin Patton,0.317,15.1,18.7,0.0,0.0,0.079,7.0,0.7,2.3,0.286,0.286,1.0,1.7
Demetrius Jackson,0.656,4.1,19.6,0.2,0.0,0.231,6.5,1.3,2.5,0.533,0.6,0.8,3.7
Kyrie Irving,0.592,8.1,35.0,6.2,2.9,0.197,33.0,9.0,18.5,0.487,0.557,6.9,23.8
Jayson Tatum,0.547,10.4,10.0,1.6,3.4,0.097,31.1,5.9,13.1,0.45,0.506,2.1,15.7
Al Horford,0.605,12.4,21.2,4.5,2.9,0.181,29.0,5.7,10.6,0.535,0.586,4.2,13.6
Marcus Morris,0.568,11.7,7.5,2.1,2.5,0.104,27.9,5.0,11.3,0.447,0.533,1.5,13.9
Marcus Smart,0.568,5.7,19.1,2.2,3.1,0.116,27.5,3.0,7.1,0.422,0.533,4.0,8.9
R.J. Hunter,0.612,6.2,18.0,0.1,0.0,0.226,26.0,6.0,13.0,0.462,0.615,3.0,17.0
Jaylen Brown,0.547,8.7,7.7,0.7,2.4,0.076,25.9,5.0,10.7,0.465,0.525,1.4,13.0
Gordon Hayward,0.575,9.2,18.4,2.6,2.3,0.126,25.9,4.1,8.8,0.466,0.527,3.4,11.5
Terry Rozier,0.501,9.1,17.7,0.9,2.3,0.086,22.7,3.3,8.4,0.387,0.477,2.9,9.0
Aron Baynes,0.567,15.6,9.3,1.3,1.1,0.139,16.1,2.1,4.4,0.471,0.518,1.1,5.6
Daniel Theis,0.624,13.2,10.5,2.3,1.3,0.188,13.8,2.2,4.0,0.549,0.598,1.0,5.7
Semi Ojeleye,0.531,7.7,5.1,0.2,0.5,0.057,10.6,1.2,2.8,0.424,0.513,0.4,3.3
Brad Wanamaker,0.597,6.4,22.5,0.6,0.4,0.134,9.5,1.4,2.9,0.476,0.552,1.6,3.9
Robert Williams,0.703,15.3,3.3,0.5,0.6,0.201,8.8,1.1,1.6,0.706,0.706,0.2,2.5
PJ Dozier,0.434,17.8,13.7,0.1,0.1,0.125,8.5,1.3,3.5,0.381,0.429,0.8,3.2
Guerschon Yabusele,0.542,11.3,8.2,0.2,0.3,0.09,6.1,0.9,1.9,0.455,0.513,0.4,2.3
Greg Monroe,0.6,32.0,73.4,0.1,0.0,0.534,2.5,1.5,2.5,0.6,0.6,0.5,3.0
D'Angelo Russell,0.533,6.8,41.3,2.4,2.6,0.097,30.2,8.1,18.7,0.434,0.512,7.0,21.1
Joe Harris,0.645,6.7,11.9,3.8,1.7,0.116,30.2,4.9,9.8,0.5,0.622,2.4,13.7
Spencer Dinwiddie,0.58,4.6,25.6,3.5,1.4,0.121,28.1,5.4,12.2,0.442,0.517,4.6,16.8
Caris LeVert,0.509,7.5,23.2,0.5,1.2,0.077,26.6,5.2,12.1,0.429,0.478,3.9,13.7
Allen Crabbe,0.519,6.9,5.8,-0.2,1.0,0.035,26.3,3.2,8.7,0.367,0.499,1.1,9.6
Jarrett Allen,0.632,16.8,7.9,4.4,3.3,0.175,26.2,4.2,7.1,0.59,0.595,1.4,10.9
DeMarre Carroll,0.546,10.8,7.2,1.5,1.6,0.088,25.4,3.4,8.6,0.395,0.487,1.3,11.1
Rondae Hollis-Jefferson,0.464,13.2,11.7,-0.5,1.7,0.047,20.9,3.4,8.3,0.411,0.42,1.6,8.9
Jared Dudley,0.554,6.7,9.2,0.6,1.2,0.07,20.7,1.7,4.1,0.423,0.533,1.4,4.9
Rodions Kurucs,0.545,10.0,6.0,0.1,1.5,0.059,20.5,3.2,7.1,0.45,0.514,0.8,8.5
Treveon Graham,0.458,7.9,6.5,-0.1,0.6,0.033,20.4,1.8,5.5,0.335,0.435,1.0,5.3
Ed Davis,0.632,25.2,6.0,3.3,2.5,0.191,17.9,2.3,3.7,0.616,0.616,0.8,5.8
Shabazz Napier,0.534,5.3,22.2,1.0,1.0,0.098,17.6,3.0,7.8,0.389,0.476,2.6,9.4
Theo Pinson,0.49,9.0,14.1,-0.2,0.2,0.004,11.7,1.4,4.1,0.342,0.425,1.2,4.5
Kenneth Faried,0.622,19.6,2.8,0.2,0.2,0.168,9.8,2.1,3.5,0.595,0.607,0.2,5.1
Mitch Creek,0.573,14.6,20.2,0.2,0.0,0.258,9.0,1.3,2.5,0.5,0.5,1.3,3.8
Tahjere McCall,0.581,6.6,0.0,0.0,0.0,0.055,8.0,2.0,3.0,0.667,0.667,0.0,4.0
Alan Williams,0.61,38.4,22.3,0.1,0.1,0.312,5.2,1.6,2.6,0.615,0.615,0.6,3.6
Džanan Musa,0.415,6.7,8.6,-0.2,0.0,-0.152,4.3,1.0,2.4,0.409,0.432,0.2,2.1
Tim Hardaway Jr.,0.531,5.6,13.5,1.0,0.5,0.048,32.6,6.1,15.8,0.388,0.469,2.7,19.1
Kevin Knox,0.475,8.1,6.0,-2.2,0.9,-0.03,28.8,4.5,12.2,0.37,0.438,1.1,12.8
Dennis Smith Jr.,0.473,5.1,32.2,-0.5,0.3,-0.014,28.6,5.8,14.0,0.413,0.454,5.4,14.7
Damyean Dotson,0.526,6.8,10.4,0.7,0.9,0.037,27.5,4.0,9.6,0.415,0.506,1.8,10.7
Emmanuel Mudiay,0.531,6.4,24.2,0.1,0.7,0.023,27.2,5.6,12.5,0.446,0.493,3.9,14.8
Wesley Matthews,0.33,2.9,12.9,-0.1,0.0,-0.115,27.0,2.0,9.5,0.211,0.263,2.5,7.0
DeAndre Jordan,0.681,22.9,18.2,1.3,0.6,0.181,25.9,4.1,6.5,0.634,0.634,3.0,10.9
Enes Freedom,0.585,21.4,13.1,2.4,0.9,0.143,25.6,5.7,10.6,0.536,0.544,1.9,14.0
Noah Vonleh,0.561,16.0,11.1,1.5,1.7,0.09,25.3,3.0,6.5,0.47,0.523,1.9,8.4
Allonzo Trier,0.564,7.1,12.9,0.4,0.5,0.03,22.8,3.6,8.1,0.448,0.498,1.9,10.9
Kadeem Allen,0.574,6.4,28.7,0.7,0.2,0.111,21.9,3.4,7.4,0.461,0.521,4.0,9.9
Frank Ntilikina,0.417,5.0,19.5,-1.3,0.4,-0.045,21.0,2.2,6.6,0.337,0.395,2.8,5.7
Trey Burke,0.496,4.7,23.6,0.4,0.2,0.044,20.9,4.5,10.8,0.413,0.455,2.8,11.8
Mario Hezonja,0.497,10.4,11.5,-1.1,1.1,-0.003,20.8,3.3,8.0,0.412,0.457,1.5,8.8
Mitchell Robinson,0.692,16.3,4.2,4.0,2.2,0.217,20.6,3.1,4.4,0.694,0.694,0.6,7.3
Luke Kornet,0.531,9.0,10.5,0.6,0.7,0.083,17.0,2.3,6.2,0.378,0.502,1.2,7.0
Lance Thomas,0.482,7.8,5.0,-0.3,0.3,0.004,17.0,1.7,4.3,0.396,0.452,0.6,4.5
Billy Garrett,0.452,2.5,18.0,0.0,0.0,-0.019,15.8,2.8,6.8,0.407,0.407,1.8,6.5
John Jenkins,0.518,5.9,9.9,0.2,0.0,0.024,14.5,1.8,4.7,0.388,0.485,1.0,5.2
Henry Ellenson,0.536,12.7,10.0,0.1,0.2,0.07,13.8,2.1,5.0,0.412,0.5,0.9,6.0
Courtney Lee,0.527,8.8,15.1,0.2,0.1,0.087,13.3,1.8,3.9,0.447,0.5,1.3,4.7
Isaiah Hicks,0.588,11.4,9.4,0.1,0.0,0.153,10.7,1.3,2.7,0.5,0.5,0.7,4.0
Ron Baker,0.376,3.4,16.1,0.0,0.0,0.002,9.7,0.4,1.5,0.25,0.281,1.2,1.3
Giannis Antetokounmpo,0.644,19.3,30.3,8.9,5.5,0.292,32.8,10.0,17.3,0.578,0.599,5.9,27.7
Khris Middleton,0.558,9.8,20.1,2.5,3.6,0.123,31.1,6.6,14.9,0.441,0.519,4.3,18.3
Eric Bledsoe,0.577,8.1,27.4,4.4,3.7,0.173,29.1,6.0,12.4,0.484,0.548,5.5,15.9
Brook Lopez,0.597,8.7,5.7,2.3,4.3,0.138,28.7,4.4,9.7,0.452,0.571,1.2,12.5
Malcolm Brogdon,0.614,8.0,16.2,4.2,2.3,0.171,28.6,5.9,11.7,0.505,0.575,3.2,15.6
Nikola Mirotić,0.562,11.9,8.6,0.4,0.6,0.147,22.9,4.0,9.6,0.415,0.53,1.4,11.6
Pat Connaughton,0.573,10.4,12.6,2.0,1.9,0.149,20.7,2.7,5.7,0.466,0.56,2.0,6.9
George Hill,0.534,6.4,13.3,1.0,1.4,0.117,20.4,2.4,5.7,0.428,0.493,2.1,6.8
D.J. Wilson,0.515,12.8,7.6,0.3,1.4,0.093,18.4,2.2,5.2,0.414,0.506,1.1,5.8
Ersan İlyasova,0.548,12.5,5.5,1.2,1.9,0.119,18.4,2.5,5.7,0.438,0.514,0.8,6.8
Sterling Brown,0.563,9.0,10.7,0.7,1.4,0.098,17.8,2.5,5.4,0.465,0.55,1.4,6.4
Tony Snell,0.585,6.1,6.7,1.6,1.6,0.117,17.6,2.2,4.9,0.452,0.564,0.9,6.0
Tim Frazier,0.523,7.5,26.0,0.2,0.3,0.097,17.6,2.3,5.5,0.424,0.5,3.5,6.3
Donte DiVincenzo,0.507,8.0,9.7,0.0,0.6,0.069,15.2,1.9,4.6,0.403,0.492,1.1,4.9
John Henson,0.553,19.2,10.1,0.1,0.4,0.146,13.4,2.2,4.8,0.463,0.545,1.0,5.6
Bonzie Colson,0.454,15.5,4.0,0.0,0.2,0.085,12.3,1.6,4.9,0.333,0.397,0.4,4.9
Thon Maker,0.546,11.9,5.8,0.4,0.7,0.132,11.7,1.7,3.8,0.44,0.537,0.5,4.7
Pau Gasol,0.291,16.9,7.7,-0.1,0.1,-0.063,10.0,0.3,2.0,0.167,0.25,0.7,1.3
Matthew Dellavedova,0.482,5.2,35.7,0.0,0.1,0.043,8.1,0.5,1.6,0.316,0.421,2.4,1.7
Isaiah Canaan,0.5,6.6,11.6,0.0,0.0,0.03,7.8,0.5,1.5,0.333,0.5,0.8,1.5
Jaylen Morris,0.46,8.8,18.1,0.0,0.1,0.084,7.3,1.0,2.5,0.4,0.45,1.0,2.5
Jason Smith,0.468,14.0,3.1,-0.1,0.1,-0.02,6.7,0.7,2.2,0.308,0.423,0.2,2.2
Christian Wood,0.585,16.4,4.6,0.1,0.1,0.146,4.8,0.9,1.9,0.48,0.54,0.2,2.8
Trevon Duval,0.833,8.5,59.0,0.1,0.0,0.537,2.0,0.7,1.0,0.667,0.833,0.7,1.7
Victor Oladipo,0.519,9.8,25.2,0.4,1.9,0.097,31.9,6.9,16.3,0.423,0.486,5.2,18.8
Bojan Bogdanović,0.613,7.2,9.5,3.9,2.8,0.126,31.8,6.4,13.0,0.497,0.575,2.0,18.0
Wesley Matthews,0.543,5.0,10.1,0.3,0.7,0.067,31.5,3.5,9.1,0.386,0.5,2.4,10.9
Thaddeus Young,0.569,11.7,12.0,3.0,3.9,0.133,30.7,5.5,10.4,0.527,0.557,2.5,12.6
Myles Turner,0.567,13.9,8.0,1.9,4.4,0.144,28.6,5.1,10.5,0.487,0.536,1.6,13.3
Darren Collison,0.574,6.0,29.9,3.9,2.9,0.153,28.2,4.1,8.7,0.467,0.527,6.0,11.2
Cory Joseph,0.474,7.5,20.7,0.5,2.9,0.081,25.2,2.8,6.7,0.412,0.463,3.9,6.5
Domantas Sabonis,0.63,20.8,18.2,4.3,3.3,0.197,24.8,5.6,9.5,0.59,0.596,2.9,14.1
Tyreke Evans,0.483,7.9,17.5,-1.7,2.0,0.01,20.3,3.7,9.6,0.389,0.448,2.4,10.2
Doug McDermott,0.617,4.5,7.1,1.8,1.1,0.103,17.4,2.7,5.5,0.491,0.59,0.9,7.3
Aaron Holiday,0.518,5.8,19.3,0.1,0.8,0.065,12.9,2.1,5.2,0.401,0.483,1.7,5.9
Edmond Sumner,0.443,6.3,6.3,-0.2,0.3,0.02,9.1,1.0,2.8,0.344,0.398,0.4,2.9
T.J. Leaf,0.572,13.3,6.9,0.9,0.7,0.148,9.0,1.7,3.2,0.541,0.563,0.4,3.9
Kyle O'Quinn,0.537,17.8,22.4,0.2,0.8,0.125,8.2,1.5,3.0,0.507,0.511,1.2,3.5
Davon Reed,0.5,7.1,8.5,0.0,0.0,0.064,4.7,0.5,1.2,0.417,0.5,0.3,1.2
Alize Johnson,0.333,16.5,2.0,-0.1,0.1,0.027,4.6,0.3,1.1,0.25,0.281,0.1,0.9
Ike Anigbogu,0.0,27.7,19.4,-0.1,0.0,-0.48,2.0,0.0,1.0,0.0,0.0,0.3,0.0
Blake Griffin,0.581,11.8,27.1,5.1,2.9,0.147,35.0,8.3,17.9,0.462,0.532,5.4,24.5
Andre Drummond,0.555,25.4,7.2,4.1,5.9,0.181,33.5,7.1,13.3,0.533,0.536,1.4,17.3
Reggie Bullock,0.569,5.0,12.0,1.4,1.0,0.084,30.8,4.1,10.0,0.413,0.542,2.5,12.1
Reggie Jackson,0.547,5.2,24.7,3.1,1.9,0.105,27.9,5.4,12.8,0.421,0.504,4.2,15.4
Wayne Ellington,0.584,4.3,8.6,0.9,0.7,0.102,27.3,4.1,9.8,0.421,0.57,1.5,12.0
Luke Kennard,0.56,7.0,12.3,1.3,1.3,0.085,22.8,3.6,8.3,0.438,0.54,1.8,9.7
Ish Smith,0.485,6.3,25.4,0.5,1.1,0.064,22.3,3.7,8.7,0.419,0.464,3.6,8.9
Langston Galloway,0.534,5.4,7.3,2.1,1.3,0.094,21.8,2.9,7.3,0.388,0.503,1.1,8.4
Stanley Johnson,0.482,9.9,9.4,-0.7,1.4,0.034,20.0,2.8,7.3,0.381,0.454,1.3,7.5
Bruce Brown,0.469,7.0,8.8,-0.1,1.6,0.048,19.6,1.7,4.2,0.398,0.436,1.2,4.3
Thon Maker,0.514,10.3,6.7,0.1,0.8,0.075,19.4,1.7,4.6,0.373,0.459,0.9,5.5
Glenn Robinson III,0.511,6.4,5.1,0.1,0.6,0.054,13.0,1.6,3.7,0.42,0.472,0.4,4.2
José Calderón,0.453,5.2,24.9,0.0,0.5,0.043,12.9,0.9,2.4,0.375,0.433,2.3,2.3
Zaza Pachulia,0.539,16.5,14.7,1.1,1.3,0.128,12.9,1.3,2.8,0.44,0.44,1.3,3.9
Henry Ellenson,0.551,19.7,6.2,0.0,0.0,0.149,12.5,2.0,5.0,0.4,0.5,0.5,6.0
Jon Leuer,0.616,13.2,5.5,0.4,0.5,0.11,9.8,1.6,2.8,0.584,0.588,0.3,3.8
Khyri Thomas,0.413,5.6,6.0,-0.2,0.2,0.005,7.5,0.8,2.7,0.319,0.391,0.3,2.3
Svi Mykhailiuk,0.375,5.5,28.5,0.0,0.0,0.016,6.7,0.7,2.7,0.25,0.375,1.3,2.0
Kalin Lucas,0.532,27.3,20.8,0.0,0.0,0.238,6.0,0.0,1.0,0.0,0.0,1.0,2.0
Zach Lofton,0.0,0.0,0.0,-0.1,0.0,-0.447,4.0,0.0,1.0,0.0,0.0,0.0,0.0
Justin Holiday,0.531,6.9,9.1,0.2,1.1,0.047,34.9,4.0,10.4,0.383,0.506,2.2,11.6
Zach LaVine,0.574,7.4,22.6,1.7,1.1,0.062,34.5,8.4,18.0,0.467,0.52,4.5,23.7
Otto Porter Jr.,0.609,9.2,13.0,0.8,0.4,0.112,32.8,6.5,13.4,0.483,0.58,2.7,17.5
Lauri Markkanen,0.553,15.2,7.2,1.3,1.5,0.078,32.3,6.6,15.3,0.43,0.506,1.4,18.7
JaKarr Sampson,0.633,13.7,5.3,0.3,0.1,0.173,31.8,7.3,13.5,0.537,0.583,1.0,20.0
Kris Dunn,0.484,7.3,30.0,-0.5,1.2,0.022,30.2,4.7,11.0,0.425,0.458,6.0,11.3
Walt Lemon Jr.,0.468,8.8,30.3,-0.1,0.2,0.026,27.8,6.3,14.5,0.437,0.448,5.0,14.3
Jabari Parker,0.543,12.6,13.2,-0.2,0.7,0.024,26.7,5.6,11.9,0.474,0.514,2.2,14.3
Wendell Carter Jr.,0.541,15.0,10.7,0.7,1.2,0.08,25.2,4.1,8.4,0.485,0.493,1.8,10.3
Ryan Arcidiacono,0.588,6.1,18.9,2.8,0.9,0.09,24.2,2.3,5.2,0.447,0.544,3.3,6.7
Bobby Portis,0.529,16.5,9.2,0.3,0.4,0.062,24.1,5.5,12.3,0.45,0.5,1.3,14.1
Wayne Selden,0.489,7.5,10.8,-0.8,0.4,-0.019,22.9,3.0,7.5,0.407,0.461,1.7,8.0
Robin Lopez,0.598,9.7,8.8,2.0,0.7,0.081,21.7,4.1,7.2,0.568,0.575,1.2,9.5
Chandler Hutchison,0.507,11.2,5.3,0.0,0.6,0.03,20.3,2.2,4.8,0.459,0.493,0.8,5.2
Shaquille Harrison,0.494,8.4,14.1,-0.1,1.6,0.048,19.6,2.5,5.8,0.432,0.46,1.9,6.5
Timothé Luwawu-Cabarrot,0.515,7.9,5.8,0.0,0.3,0.026,18.8,2.4,6.0,0.394,0.483,0.8,6.8
Cameron Payne,0.492,5.4,22.4,-0.1,0.3,0.014,17.3,2.2,5.4,0.411,0.458,2.7,5.7
Brandon Sampson,0.567,4.1,6.8,-0.1,0.1,0.01,15.3,2.0,4.3,0.467,0.558,0.7,5.1
Antonio Blakeney,0.487,6.9,8.2,-0.8,0.3,-0.03,14.5,2.9,6.9,0.419,0.465,0.7,7.3
Cristiano Felício,0.568,15.9,7.2,0.9,0.4,0.088,12.4,1.6,3.0,0.531,0.531,0.6,4.0
Rawle Alkins,0.418,11.8,15.2,-0.1,0.0,-0.042,12.0,1.3,3.9,0.333,0.372,1.3,3.7
Tyler Ulis,,0.0,0.0,0.0,0.0,-0.015,1.0,0.0,0.0,,,0.0,0.0
Cedi Osman,0.536,8.1,12.1,1.2,0.2,0.029,32.2,4.7,11.1,0.427,0.504,2.6,13.0
Collin Sexton,0.52,5.0,15.3,-0.1,-0.5,-0.011,31.8,6.3,14.7,0.43,0.48,3.0,16.7
Alec Burks,0.517,10.6,15.0,0.6,0.3,0.042,28.8,4.0,10.0,0.4,0.466,2.9,11.6
Tristan Thompson,0.551,20.3,11.2,2.1,0.5,0.105,27.9,4.7,8.8,0.529,0.529,2.0,10.9
Rodney Hood,0.542,5.0,11.5,1.5,0.0,0.059,27.4,4.3,10.1,0.427,0.488,2.0,12.2
Jordan Clarkson,0.539,6.8,15.6,1.9,-0.1,0.039,27.3,6.5,14.6,0.448,0.509,2.4,16.8
Kevin Love,0.561,22.2,12.8,1.0,0.4,0.106,27.2,5.0,12.9,0.385,0.479,2.2,17.0
Larry Nance Jr.,0.583,17.1,17.8,3.3,1.6,0.131,26.8,3.7,7.1,0.52,0.554,3.2,9.4
George Hill,0.604,4.4,16.2,0.5,0.0,0.066,26.5,4.2,8.2,0.514,0.575,2.8,10.8
Brandon Knight,0.515,4.5,15.1,0.3,0.0,0.019,22.9,3.3,7.9,0.413,0.498,2.3,8.5
J.R. Smith,0.444,4.5,13.8,-0.3,0.1,-0.038,20.2,2.5,7.2,0.342,0.418,1.9,6.7
Matthew Dellavedova,0.537,5.2,31.3,0.5,-0.1,0.026,19.9,2.6,6.2,0.413,0.502,4.2,7.3
Cameron Payne,0.596,6.0,20.0,0.2,0.1,0.082,19.6,3.0,6.1,0.491,0.573,2.6,8.2
David Nwaba,0.558,9.2,8.1,1.1,0.3,0.069,19.3,2.5,5.1,0.481,0.527,1.1,6.5
Sam Dekker,0.544,10.8,7.9,0.2,0.1,0.08,18.8,2.4,5.3,0.458,0.51,1.0,6.3
Ante Žižić,0.59,16.4,7.7,1.7,0.3,0.087,18.3,3.1,5.6,0.553,0.553,0.9,7.8
Patrick McCaw,0.278,3.1,4.9,-0.2,0.0,-0.137,17.7,0.7,3.0,0.222,0.278,0.7,1.7
Jaron Blossomgame,0.51,12.4,4.2,0.2,0.1,0.03,16.3,1.7,3.9,0.443,0.491,0.5,4.2
Kyle Korver,0.65,6.4,10.1,0.2,0.0,0.043,15.7,2.2,4.8,0.461,0.625,1.1,6.8
Marquese Chriss,0.47,16.0,6.1,-0.3,0.2,-0.003,14.6,2.1,5.4,0.384,0.435,0.6,5.7
Andrew Harrison,0.467,5.8,16.3,-0.1,0.0,-0.022,14.4,1.2,3.9,0.308,0.346,1.7,4.3
Nik Stauskas,0.544,7.6,8.0,0.3,0.0,0.046,14.3,1.7,4.5,0.367,0.491,0.8,5.5
Jalen Jones,0.548,8.8,4.8,0.2,0.1,0.056,13.4,1.6,3.9,0.419,0.5,0.4,5.1
Deng Adel,0.424,5.4,3.4,-0.2,0.0,-0.054,10.2,0.6,1.9,0.306,0.389,0.3,1.7
Channing Frye,0.524,8.5,8.6,0.1,0.0,0.016,9.5,1.2,3.3,0.368,0.504,0.6,3.6
Kobi Simmons,,0.0,0.0,0.0,0.0,-0.033,2.0,0.0,0.0,,,0.0,0.0
John Holland,,0.0,0.0,0.0,0.0,-0.032,1.0,0.0,0.0,,,0.0,0.0
Aaron Gordon,0.538,11.7,16.6,1.8,3.3,0.093,33.8,6.0,13.4,0.449,0.507,3.7,16.0
Evan Fournier,0.536,5.4,17.6,0.8,2.5,0.061,31.5,5.8,13.2,0.438,0.509,3.6,15.1
Nikola Vučević,0.573,20.5,21.9,5.4,4.7,0.193,31.4,8.8,16.9,0.518,0.549,3.8,20.8
D.J. Augustin,0.616,4.8,26.9,5.0,1.9,0.146,28.0,3.9,8.4,0.47,0.566,5.3,11.7
Jonathan Isaac,0.537,11.0,5.7,0.9,3.1,0.096,26.6,3.5,8.1,0.429,0.499,1.1,9.6
Terrence Ross,0.561,7.0,9.9,1.7,2.6,0.095,26.5,5.4,12.7,0.428,0.534,1.7,15.1
Jonathon Simmons,0.445,6.3,15.7,-1.0,0.8,-0.01,20.6,2.5,7.0,0.364,0.397,2.3,6.9
Michael Carter-Williams,0.44,13.5,28.9,0.2,0.4,0.134,18.9,1.8,5.2,0.339,0.363,4.1,5.4
Wes Iwundu,0.531,8.0,7.9,0.5,1.4,0.073,18.1,1.7,4.0,0.412,0.465,1.1,5.0
Mo Bamba,0.539,16.3,7.4,0.3,1.4,0.106,16.3,2.5,5.2,0.481,0.525,0.8,6.2
Jerian Grant,0.526,5.6,22.4,0.5,1.1,0.085,15.7,1.5,3.7,0.418,0.509,2.6,4.2
Isaiah Briscoe,0.455,7.1,21.0,-0.3,0.5,0.023,14.3,1.4,3.5,0.399,0.438,2.2,3.5
Khem Birch,0.64,15.8,8.5,1.8,1.0,0.212,12.9,1.8,3.0,0.603,0.603,0.8,4.8
Jarell Martin,0.528,11.9,7.8,0.1,0.4,0.073,7.8,1.0,2.5,0.413,0.51,0.4,2.7
Amile Jefferson,0.692,16.5,6.4,0.2,0.1,0.258,5.7,0.8,1.3,0.625,0.625,0.3,2.3
Melvin Frazier,0.33,6.1,3.3,-0.2,0.0,-0.133,4.4,0.7,2.1,0.333,0.333,0.1,1.5
Troy Caupain,0.625,10.0,42.5,0.1,0.0,0.347,4.0,1.0,2.0,0.5,0.625,1.0,2.5
Kemba Walker,0.558,6.8,29.4,5.5,1.9,0.123,34.9,8.9,20.5,0.434,0.511,5.9,25.6
Nicolas Batum,0.581,8.9,14.5,2.0,1.7,0.076,31.4,3.4,7.5,0.45,0.553,3.3,9.3
Jeremy Lamb,0.552,10.4,11.9,3.3,2.0,0.113,28.5,5.5,12.4,0.44,0.499,2.2,15.3
Marvin Williams,0.548,10.3,6.1,1.9,1.9,0.086,28.4,3.7,8.7,0.422,0.529,1.2,10.1
Cody Zeller,0.611,14.5,12.1,2.6,1.2,0.15,25.4,3.9,7.0,0.551,0.559,2.1,10.1
Miles Bridges,0.548,10.3,8.1,1.4,1.5,0.083,21.2,3.0,6.4,0.464,0.527,1.2,7.5
Michael Kidd-Gilchrist,0.553,11.3,7.4,1.5,1.0,0.1,18.4,2.5,5.2,0.476,0.5,1.0,6.7
Tony Parker,0.512,4.5,33.3,0.6,0.3,0.044,17.9,3.8,8.3,0.46,0.474,3.7,9.5
Dwayne Bacon,0.57,6.3,9.2,0.9,0.3,0.073,17.7,2.8,6.0,0.475,0.549,1.1,7.3
Malik Monk,0.518,5.9,14.3,-0.4,0.7,0.012,17.2,3.1,8.0,0.387,0.48,1.6,8.9
Frank Kaminsky,0.587,11.7,12.9,1.3,0.5,0.114,16.1,2.9,6.3,0.463,0.547,1.3,8.6
Devonte' Graham,0.459,5.0,24.8,0.2,0.3,0.035,14.7,1.6,4.7,0.343,0.421,2.6,4.7
Bismack Biyombo,0.602,17.0,5.9,1.2,0.8,0.125,14.5,1.6,2.9,0.571,0.571,0.6,4.4
Willy Hernangómez,0.587,20.7,11.5,1.8,0.8,0.153,14.0,2.6,5.1,0.519,0.544,1.0,7.3
Shelvin Mack,0.251,2.6,3.0,-0.3,0.0,-0.304,10.5,0.5,3.5,0.143,0.143,0.3,2.3
J.P. Macura,0.333,9.5,18.0,0.0,0.0,-0.11,8.5,1.5,4.5,0.333,0.333,1.0,3.0
Joe Chealey,0.333,0.0,17.7,0.0,0.0,-0.08,8.0,1.0,3.0,0.333,0.333,1.0,2.0
Josh Richardson,0.536,5.5,17.9,3.0,2.6,0.106,34.8,5.8,14.1,0.412,0.492,4.1,16.6
Justise Winslow,0.513,9.6,21.9,0.2,2.6,0.067,29.7,4.9,11.3,0.433,0.497,4.3,12.6
Goran Dragić,0.517,6.0,27.3,0.6,1.0,0.079,27.5,5.0,12.0,0.413,0.479,4.8,13.7
Dwyane Wade,0.51,8.0,26.5,0.1,2.3,0.061,26.2,5.8,13.3,0.433,0.478,4.2,15.0
Dion Waiters,0.53,5.4,16.4,0.1,1.1,0.052,25.9,4.5,10.9,0.414,0.528,2.8,12.0
Tyler Johnson,0.54,5.7,14.9,0.5,1.3,0.075,25.5,3.9,9.1,0.426,0.516,2.5,10.8
Rodney McGruder,0.51,8.2,10.3,0.4,1.6,0.059,23.5,2.8,7.0,0.403,0.489,1.7,7.6
Bam Adebayo,0.623,16.6,14.2,3.4,3.4,0.171,23.3,3.4,5.9,0.576,0.579,2.2,8.9
Hassan Whiteside,0.564,25.9,5.6,2.3,4.0,0.18,23.3,5.4,9.4,0.571,0.572,0.8,12.3
Kelly Olynyk,0.61,11.0,11.4,2.3,2.5,0.126,22.9,3.3,7.1,0.463,0.563,1.8,10.0
Wayne Ellington,0.547,4.7,7.8,0.4,0.6,0.091,21.3,2.8,7.4,0.375,0.53,1.2,8.4
James Johnson,0.522,8.0,17.0,0.0,1.5,0.062,21.2,3.0,6.9,0.433,0.499,2.5,7.8
Derrick Jones Jr.,0.559,11.1,4.7,1.2,1.7,0.121,19.2,2.7,5.4,0.494,0.537,0.6,7.0
Duncan Robinson,0.514,6.3,4.4,0.0,0.2,0.051,10.7,1.2,3.1,0.391,0.5,0.3,3.3
Udonis Haslem,0.36,19.4,4.0,-0.2,0.1,-0.075,7.4,1.1,3.3,0.333,0.333,0.2,2.5
Yante Maten,0.25,12.3,0.0,0.0,0.0,-0.026,6.5,0.5,2.0,0.25,0.25,0.0,1.0
Ryan Anderson,0.354,10.9,5.8,0.0,0.0,-0.009,4.4,0.2,0.9,0.222,0.333,0.2,0.7
Emanuel Terry,0.266,17.7,40.5,0.0,0.0,0.045,3.0,0.0,1.0,0.0,0.0,1.0,1.0
Bradley Beal,0.581,7.4,24.1,5.9,1.7,0.12,36.9,9.3,19.6,0.475,0.54,5.5,25.6
John Wall,0.527,5.7,39.2,0.5,0.7,0.051,34.5,7.7,17.3,0.444,0.49,8.7,20.7
Trevor Ariza,0.538,8.4,15.5,1.1,0.8,0.062,34.1,4.8,11.8,0.409,0.502,3.8,14.1
Otto Porter Jr.,0.551,10.5,9.6,1.0,1.1,0.085,29.0,4.9,10.8,0.457,0.531,2.0,12.6
Bobby Portis,0.53,17.1,8.4,0.2,0.7,0.058,27.4,5.6,12.8,0.44,0.507,1.5,14.3
Jabari Parker,0.587,14.3,15.4,0.3,0.6,0.063,27.3,6.0,11.4,0.523,0.565,2.7,15.0
Jeff Green,0.608,8.0,9.2,2.8,0.8,0.083,27.2,4.2,8.9,0.475,0.555,1.8,12.3
Tomáš Satoranský,0.59,7.0,24.6,3.8,0.9,0.104,27.1,3.2,6.6,0.485,0.545,5.0,8.9
Markieff Morris,0.543,10.7,9.6,0.4,0.5,0.051,26.0,4.2,9.6,0.436,0.509,1.8,11.5
Kelly Oubre Jr.,0.545,9.3,3.8,0.3,0.5,0.053,26.0,4.6,10.5,0.433,0.5,0.7,12.9
Dwight Howard,0.638,19.6,2.6,0.4,0.2,0.124,25.6,4.8,7.7,0.623,0.623,0.4,12.8
Austin Rivers,0.49,5.6,11.2,-0.4,0.2,-0.014,23.6,2.6,6.7,0.392,0.477,2.0,7.2
Thomas Bryant,0.674,16.5,9.3,4.3,1.3,0.178,20.8,4.3,7.0,0.616,0.648,1.3,10.5
Sam Dekker,0.514,10.1,8.4,0.4,0.4,0.059,16.3,2.6,5.5,0.471,0.505,1.0,6.1
Chasson Randle,0.555,4.1,17.5,0.4,0.2,0.041,15.2,1.9,4.4,0.419,0.525,2.0,5.5
Ian Mahinmi,0.531,13.9,6.5,0.5,0.5,0.092,14.6,1.4,3.1,0.452,0.466,0.7,4.1
Troy Brown Jr.,0.487,10.8,14.9,0.2,0.4,0.039,14.0,1.9,4.5,0.415,0.462,1.5,4.8
Devin Robinson,0.616,11.4,9.5,0.2,0.1,0.175,13.6,2.7,4.6,0.594,0.594,0.9,6.7
Wesley Johnson,0.372,6.2,5.6,-0.3,0.0,-0.075,13.1,0.8,3.3,0.25,0.325,0.6,2.8
Jordan McRae,0.55,6.5,13.2,0.3,0.2,0.066,12.3,2.3,4.8,0.469,0.508,1.1,5.9
Ron Baker,0.0,4.8,5.1,-0.1,0.0,-0.12,11.3,0.0,1.0,0.0,0.0,0.5,0.0
Jason Smith,0.52,15.4,12.3,0.1,0.1,0.07,10.8,1.3,3.1,0.405,0.459,1.0,3.7
Gary Payton II,0.688,6.8,45.1,0.1,0.0,0.358,5.3,1.7,2.7,0.625,0.688,1.3,3.7
John Jenkins,1.5,3.9,9.9,0.1,0.0,0.202,3.5,0.5,0.5,1.0,1.5,0.3,1.5
Okaro White,0.0,18.1,0.0,0.0,0.0,-0.251,2.0,0.0,0.7,0.0,0.0,0.0,0.0
Trae Young,0.539,6.3,40.5,2.5,0.7,0.062,30.9,6.5,15.5,0.418,0.48,8.1,19.1
John Collins,0.627,17.1,11.0,5.0,1.0,0.158,30.0,7.6,13.6,0.56,0.593,2.0,19.5
Taurean Prince,0.575,6.7,11.1,0.8,0.7,0.047,28.2,4.8,10.8,0.441,0.545,2.1,13.5
Kevin Huerter,0.533,6.3,14.5,0.7,0.7,0.034,27.3,3.7,8.8,0.419,0.522,2.9,9.7
Dewayne Dedmon,0.602,15.7,8.1,2.1,1.9,0.119,25.1,4.0,8.2,0.492,0.571,1.4,10.8
Kent Bazemore,0.507,8.3,13.5,-0.7,1.4,0.021,24.5,4.1,10.3,0.402,0.472,2.3,11.6
DeAndre' Bembry,0.508,9.7,14.7,-0.9,1.7,0.022,23.5,3.4,7.5,0.446,0.487,2.5,8.4
Alex Len,0.575,14.4,8.6,2.2,1.0,0.1,20.1,4.2,8.4,0.494,0.551,1.1,11.1
Jeremy Lin,0.594,6.2,26.7,1.5,0.4,0.092,19.7,3.5,7.6,0.466,0.523,3.5,10.7
Vince Carter,0.565,7.7,9.3,1.2,0.7,0.07,17.5,2.6,6.2,0.419,0.55,1.1,7.4
Omari Spellman,0.516,12.7,8.0,0.6,0.5,0.07,17.5,2.1,5.3,0.402,0.492,1.0,5.9
Alex Poythress,0.571,13.1,7.7,0.4,0.2,0.086,14.5,1.9,3.9,0.494,0.549,0.8,5.1
Deyonta Davis,0.682,16.0,5.8,0.3,0.1,0.145,13.1,1.7,2.4,0.682,0.682,0.6,4.0
Jaylen Adams,0.474,7.4,19.8,-0.1,0.2,0.011,12.6,1.1,3.2,0.345,0.459,1.9,3.2
Isaac Humphries,0.357,10.3,0.0,-0.1,0.0,-0.047,11.2,1.2,4.2,0.286,0.357,0.0,3.0
Daniel Hamilton,0.455,12.1,14.5,-0.2,0.1,-0.024,10.7,1.2,3.2,0.383,0.45,1.2,3.0
Justin Anderson,0.516,9.5,6.9,0.1,0.4,0.043,9.6,1.3,3.3,0.408,0.484,0.5,3.7
Miles Plumlee,0.654,11.8,14.7,0.4,0.1,0.145,9.6,1.8,2.7,0.667,0.667,0.9,4.4
Tyler Dorsey,0.448,9.0,9.3,-0.2,0.1,-0.01,9.3,1.2,3.3,0.36,0.416,0.6,3.3
B.J. Johnson,0.622,9.8,0.0,0.0,0.0,0.076,7.2,1.3,2.7,0.5,0.594,0.0,3.5
Tyler Zeller,0.0,28.7,10.6,0.0,0.0,-0.013,5.5,0.0,1.0,0.0,0.0,0.5,0.0
Jordan Sibert,1.5,0.0,0.0,0.0,0.0,0.183,4.0,1.0,1.0,1.0,1.5,0.0,3.0
Jamal Murray,0.538,7.0,22.4,2.8,2.3,0.1,32.6,6.8,15.6,0.437,0.502,4.8,18.2
Nikola Jokić,0.589,18.7,37.0,7.5,4.3,0.226,31.3,7.7,15.1,0.511,0.545,7.3,20.1
Gary Harris,0.526,5.3,11.0,1.1,1.5,0.076,28.8,4.7,11.2,0.424,0.488,2.2,12.9
Will Barton,0.501,9.1,14.6,0.1,1.1,0.049,27.7,4.3,10.7,0.402,0.475,2.9,11.5
Paul Millsap,0.57,14.4,10.6,3.2,2.9,0.155,27.1,4.6,9.5,0.484,0.528,2.0,12.6
Monte Morris,0.577,5.3,21.7,4.4,1.8,0.151,24.0,4.2,8.6,0.493,0.56,3.6,10.4
Malik Beasley,0.599,5.8,7.5,2.9,1.6,0.115,23.2,4.3,9.1,0.474,0.584,1.2,11.3
Mason Plumlee,0.602,16.4,19.5,2.9,2.9,0.16,21.1,3.2,5.4,0.593,0.595,3.0,7.8
Torrey Craig,0.547,9.5,6.3,1.4,1.7,0.096,20.0,2.1,4.8,0.442,0.526,1.0,5.7
Juancho Hernangómez,0.58,10.6,5.3,1.6,1.4,0.105,19.4,2.0,4.5,0.439,0.545,0.8,5.8
Trey Lyles,0.5,11.9,11.3,-0.2,1.4,0.05,17.5,3.2,7.7,0.418,0.47,1.4,8.5
Isaiah Thomas,0.437,3.9,18.6,-0.4,0.1,-0.077,15.1,2.8,8.3,0.343,0.404,1.9,8.1
Nick Young,0.5,1.5,6.8,0.0,0.0,-0.021,9.3,0.8,2.3,0.333,0.5,0.5,2.3
Jarred Vanderbilt,0.513,18.0,5.9,-0.1,0.1,0.037,4.1,0.5,1.1,0.474,0.474,0.2,1.4
Tyler Lydon,0.595,10.4,8.2,0.1,0.1,0.086,3.8,0.4,0.7,0.5,0.611,0.2,0.9
Brandon Goodwin,0.413,2.8,32.1,0.0,0.0,0.021,3.6,0.4,1.4,0.261,0.304,0.9,1.4
Thomas Welsh,0.648,6.0,20.5,0.1,0.0,0.162,3.3,0.6,1.2,0.538,0.654,0.5,1.6
DeVaughn Akoon-Purcell,0.322,9.8,37.1,-0.1,0.0,-0.051,3.1,0.4,1.4,0.3,0.3,0.9,1.0
Damian Lillard,0.588,7.0,30.6,9.7,2.4,0.205,35.5,8.5,19.2,0.444,0.522,6.9,25.8
CJ McCollum,0.553,6.3,13.8,4.0,1.7,0.114,33.9,8.2,17.8,0.459,0.527,3.0,21.0
Al-Farouq Aminu,0.568,14.2,6.0,3.0,2.8,0.121,28.3,3.2,7.3,0.433,0.514,1.3,9.4
Jusuf Nurkić,0.57,20.2,17.9,4.4,3.3,0.189,27.4,5.8,11.5,0.508,0.51,3.2,15.6
Rodney Hood,0.549,3.6,7.1,0.6,0.5,0.077,24.4,3.6,8.0,0.452,0.518,1.3,9.6
Maurice Harkless,0.547,10.1,7.1,1.5,1.9,0.114,23.6,3.2,6.5,0.487,0.53,1.2,7.7
Enes Freedom,0.614,20.6,9.9,1.5,0.6,0.196,22.3,5.4,9.3,0.577,0.584,1.4,13.1
Evan Turner,0.504,10.9,23.6,0.5,1.5,0.06,22.0,2.8,6.1,0.46,0.473,3.9,6.8
Seth Curry,0.595,4.6,6.5,1.5,0.9,0.082,18.9,2.9,6.3,0.456,0.577,0.9,7.9
Jake Layman,0.594,8.7,5.6,1.9,1.2,0.111,18.7,3.0,6.0,0.509,0.579,0.7,7.6
Zach Collins,0.562,12.7,7.1,1.4,1.5,0.104,17.6,2.5,5.2,0.473,0.523,0.9,6.6
Nik Stauskas,0.545,6.3,12.6,0.3,0.4,0.055,15.3,2.2,5.2,0.419,0.513,1.4,6.1
Meyers Leonard,0.675,14.2,11.8,2.1,0.9,0.164,14.4,2.2,4.0,0.545,0.649,1.2,5.9
Caleb Swanigan,0.372,19.1,6.2,-0.4,0.2,-0.086,8.1,0.8,2.4,0.318,0.33,0.4,1.9
Gary Trent Jr.,0.377,5.3,6.2,-0.3,0.1,-0.092,7.4,1.1,3.3,0.32,0.37,0.3,2.7
Anfernee Simons,0.535,4.9,13.7,0.0,0.0,0.02,7.1,1.4,3.2,0.444,0.524,0.7,3.8
Skal Labissière,0.716,16.1,11.9,0.2,0.1,0.216,7.0,1.4,2.1,0.684,0.737,0.6,3.4
Wade Baldwin,0.396,8.5,16.6,-0.4,0.1,-0.153,5.9,0.6,2.1,0.303,0.333,0.8,1.9
Donovan Mitchell,0.537,6.6,21.2,1.3,3.7,0.092,33.7,8.6,19.9,0.432,0.493,4.2,23.8
Rudy Gobert,0.682,21.9,9.6,8.7,5.7,0.268,31.8,5.9,8.8,0.669,0.669,2.0,15.9
Joe Ingles,0.581,7.0,26.1,2.5,3.6,0.113,31.3,4.4,9.8,0.448,0.565,5.7,12.1
Ricky Rubio,0.52,6.9,32.1,0.9,2.8,0.095,27.9,4.3,10.7,0.404,0.458,6.1,12.7
Jae Crowder,0.538,9.6,8.9,1.3,3.1,0.097,27.1,4.0,10.0,0.399,0.508,1.7,11.9
Derrick Favors,0.624,17.2,8.0,4.4,3.5,0.215,23.2,4.8,8.1,0.586,0.6,1.2,11.8
Royce O'Neale,0.589,9.2,10.0,0.7,2.5,0.094,20.4,2.0,4.2,0.475,0.574,1.5,5.2
Kyle Korver,0.569,6.7,8.6,0.8,1.3,0.091,20.1,3.1,7.5,0.408,0.547,1.2,9.1
Alec Burks,0.547,5.4,11.2,0.2,0.3,0.084,15.8,2.8,6.7,0.412,0.482,1.2,8.4
Dante Exum,0.516,5.5,24.1,0.2,0.7,0.069,15.8,2.4,5.7,0.419,0.456,2.6,6.9
Raul Neto,0.558,7.1,28.7,0.5,0.6,0.116,12.8,2.0,4.4,0.46,0.522,2.5,5.3
Thabo Sefolosha,0.599,10.9,6.1,0.2,1.2,0.115,12.2,1.4,3.0,0.477,0.591,0.5,3.8
Tony Bradley,0.504,22.6,4.5,0.0,0.1,0.13,12.0,2.7,5.3,0.5,0.5,0.3,5.7
Grayson Allen,0.516,3.0,8.9,-0.4,0.4,0.002,10.9,1.8,4.7,0.376,0.466,0.7,5.6
Georges Niang,0.613,9.1,10.1,0.7,0.7,0.123,8.7,1.5,3.1,0.475,0.594,0.6,4.0
Ekpe Udoh,0.698,15.2,12.8,0.9,0.7,0.238,6.3,1.0,1.4,0.694,0.694,0.5,2.3
Naz Mitrou-Long,0.383,3.9,23.3,-0.2,0.1,-0.046,6.0,0.4,1.4,0.3,0.35,1.1,1.1
Tyler Cavanaugh,0.414,11.1,3.4,0.0,0.0,0.026,3.5,0.3,0.9,0.3,0.35,0.1,0.8
Paul George,0.583,11.4,17.7,7.0,4.9,0.201,36.9,9.2,21.0,0.438,0.529,4.1,28.0
Russell Westbrook,0.501,15.8,46.5,1.8,5.0,0.124,36.0,8.6,20.2,0.428,0.468,10.7,22.9
Steven Adams,0.591,14.7,6.6,5.1,4.0,0.163,33.4,6.0,10.1,0.595,0.595,1.6,13.9
Jerami Grant,0.592,8.2,4.2,4.0,3.3,0.134,32.7,5.1,10.3,0.497,0.567,1.0,13.6
Dennis Schröder,0.508,6.3,20.4,0.4,2.4,0.06,29.3,5.8,14.0,0.414,0.47,4.1,15.5
Terrance Ferguson,0.566,3.8,4.8,1.2,1.6,0.07,26.1,2.5,5.8,0.429,0.552,1.0,6.9
Álex Abrines,0.507,4.2,4.3,0.1,0.6,0.053,19.0,1.8,5.1,0.357,0.487,0.6,5.3
Markieff Morris,0.475,12.1,6.8,0.2,0.5,0.083,16.1,2.5,6.5,0.391,0.455,0.8,6.5
Nerlens Noel,0.608,15.9,5.9,1.9,2.5,0.198,13.7,2.1,3.6,0.587,0.587,0.6,4.9
Patrick Patterson,0.493,8.8,4.6,0.2,0.9,0.064,13.7,1.3,3.5,0.374,0.479,0.5,3.6
Raymond Felton,0.505,4.6,18.7,0.3,0.4,0.087,11.5,1.7,4.1,0.407,0.481,1.6,4.3
Abdel Nader,0.522,8.6,3.8,0.0,0.9,0.062,11.4,1.5,3.5,0.423,0.498,0.3,4.0
Hamidou Diallo,0.497,9.5,4.4,0.1,0.7,0.069,10.3,1.5,3.2,0.455,0.467,0.3,3.7
Deonte Burton,0.47,6.0,5.0,-0.2,0.3,0.027,7.5,1.0,2.6,0.402,0.451,0.3,2.6
Timothé Luwawu-Cabarrot,0.383,7.6,4.2,-0.2,0.1,-0.033,5.9,0.6,2.0,0.302,0.36,0.2,1.7
Tyler Davis,0.0,51.6,0.0,0.0,0.0,-0.471,1.0,0.0,1.0,0.0,0.0,0.0,0.0
Jawun Evans,0.0,0.0,0.0,0.0,0.0,-0.946,1.0,0.0,1.0,0.0,0.0,0.0,0.0
Donte Grantham,0.0,0.0,0.0,0.0,0.0,-0.946,0.7,0.0,0.7,0.0,0.0,0.0,0.0
Jimmy Butler,0.579,7.7,18.2,1.0,0.4,0.176,36.1,7.4,15.7,0.471,0.525,4.3,21.3
Andrew Wiggins,0.493,7.4,10.9,-0.6,1.3,0.012,34.8,6.8,16.6,0.412,0.461,2.5,18.1
Robert Covington,0.58,8.8,5.8,0.9,0.9,0.114,34.7,4.8,11.1,0.433,0.545,1.5,14.5
Karl-Anthony Towns,0.622,20.0,17.2,7.2,3.2,0.197,33.1,8.8,17.1,0.518,0.572,3.4,24.4
Jeff Teague,0.528,4.5,37.6,1.7,0.5,0.085,30.1,4.2,9.9,0.423,0.465,8.2,12.1
Derrick Rose,0.557,5.4,26.4,2.6,0.3,0.102,27.3,7.1,14.8,0.482,0.518,4.3,18.0
Taj Gibson,0.612,14.5,7.3,3.7,1.4,0.144,24.1,4.3,7.7,0.566,0.576,1.2,10.8
Dario Šarić,0.579,12.2,8.8,2.4,0.9,0.099,23.9,3.8,8.3,0.454,0.54,1.5,10.5
Josh Okogie,0.492,6.6,6.9,-0.1,1.4,0.034,23.7,2.6,6.9,0.386,0.445,1.2,7.7
Tyus Jones,0.491,4.6,28.3,2.1,0.9,0.091,22.9,2.7,6.6,0.415,0.46,4.8,6.9
Jerryd Bayless,0.431,5.0,24.6,-0.2,0.2,-0.003,19.3,2.4,6.8,0.357,0.42,3.5,6.1
Luol Deng,0.588,10.0,6.5,0.5,0.3,0.101,17.8,2.7,5.4,0.5,0.559,0.8,7.1
Keita Bates-Diop,0.489,8.8,4.6,0.0,0.4,0.032,16.8,2.0,4.7,0.423,0.468,0.6,5.0
Anthony Tolliver,0.571,8.8,5.5,0.6,0.5,0.052,16.6,1.5,4.0,0.382,0.539,0.7,5.0
Cameron Reynolds,0.58,6.4,6.8,0.3,0.1,0.078,13.6,1.7,4.1,0.423,0.558,0.7,5.0
Gorgui Dieng,0.572,16.1,10.3,1.5,1.3,0.132,13.6,2.5,5.0,0.501,0.527,0.9,6.4
Isaiah Canaan,0.536,2.8,26.9,0.1,0.0,0.079,13.6,1.6,4.1,0.379,0.5,2.7,4.7
Mitch Creek,0.5,8.9,13.6,0.0,0.0,0.011,12.0,3.0,6.0,0.5,0.5,1.0,6.0
C.J. Williams,0.55,3.3,12.9,0.1,0.1,0.042,8.5,1.1,2.3,0.486,0.557,0.8,2.6
Jared Terrell,0.372,2.9,14.4,-0.4,0.0,-0.14,7.9,0.9,2.8,0.308,0.359,0.9,2.2
James Nunnally,0.593,3.3,10.9,0.1,0.0,0.097,4.9,0.7,1.6,0.429,0.548,0.4,2.1
Kevin Durant,0.631,9.8,26.2,8.6,2.9,0.204,34.6,9.2,17.7,0.521,0.571,5.9,26.0
Klay Thompson,0.571,6.0,10.5,2.9,2.3,0.095,34.0,8.4,18.0,0.467,0.553,2.4,21.5
Stephen Curry,0.641,8.4,24.2,7.2,2.5,0.199,33.8,9.2,19.4,0.472,0.604,5.2,27.3
Draymond Green,0.526,12.4,26.8,1.1,3.2,0.1,31.3,2.8,6.4,0.445,0.501,6.9,7.4
DeMarcus Cousins,0.562,17.1,20.4,0.9,1.5,0.151,25.7,5.9,12.4,0.48,0.515,3.6,16.3
Andre Iguodala,0.587,8.5,16.8,2.4,1.8,0.129,23.2,2.2,4.4,0.5,0.579,3.2,5.7
Kevon Looney,0.636,15.0,10.9,4.2,1.8,0.194,18.5,2.7,4.3,0.625,0.627,1.5,6.3
Damian Jones,0.72,9.8,8.7,1.0,0.5,0.173,17.1,2.2,3.1,0.716,0.716,1.2,5.4
Jonas Jerebko,0.588,12.6,10.1,2.1,1.2,0.13,16.7,2.2,4.9,0.459,0.556,1.3,6.3
Shaun Livingston,0.555,6.5,14.8,1.2,0.9,0.101,15.1,1.7,3.3,0.519,0.519,1.8,4.0
Quinn Cook,0.565,7.9,15.2,1.0,0.8,0.082,14.3,2.8,5.9,0.465,0.557,1.6,6.9
Alfonzo McKinnie,0.569,13.1,4.0,1.2,0.9,0.1,13.9,1.9,3.8,0.487,0.564,0.4,4.7
Andrew Bogut,0.523,21.9,10.6,0.1,0.2,0.111,12.2,1.6,3.3,0.5,0.5,1.0,3.5
Damion Lee,0.578,9.1,4.5,0.3,0.4,0.09,11.7,1.8,4.0,0.441,0.547,0.4,4.9
Jordan Bell,0.531,12.5,12.3,0.5,1.1,0.096,11.6,1.5,2.8,0.516,0.516,1.1,3.3
Jacob Evans,0.374,6.5,13.7,-0.3,0.2,-0.03,6.8,0.6,1.8,0.34,0.377,0.8,1.3
Marcus Derrickson,0.653,10.4,2.2,0.2,0.0,0.155,6.1,1.5,3.0,0.485,0.636,0.1,4.2
Tobias Harris,0.605,12.0,12.5,3.2,1.8,0.127,34.6,7.7,15.5,0.496,0.561,2.7,20.9
Danilo Gallinari,0.633,10.7,13.2,6.4,1.8,0.191,30.3,6.0,13.0,0.463,0.554,2.6,19.8
Avery Bradley,0.464,4.7,8.8,-1.0,0.6,-0.011,29.9,3.3,8.6,0.383,0.452,2.0,8.2
Landry Shamet,0.601,4.3,11.5,1.1,0.3,0.094,27.8,3.5,8.4,0.414,0.576,2.3,10.9
Patrick Beverley,0.561,9.6,18.4,2.8,2.0,0.108,27.4,2.5,6.1,0.407,0.524,3.8,7.6
Lou Williams,0.554,5.9,33.0,3.9,1.2,0.123,26.6,6.5,15.2,0.425,0.471,5.4,20.0
Shai Gilgeous-Alexander,0.554,5.7,17.8,1.5,1.9,0.074,26.5,4.2,8.7,0.476,0.512,3.3,10.8
Montrezl Harrell,0.636,13.1,12.5,6.1,2.6,0.193,26.3,6.7,10.8,0.615,0.617,2.0,16.6
Ivica Zubac,0.574,20.2,10.9,0.7,0.7,0.132,20.2,3.8,7.2,0.538,0.538,1.5,9.4
JaMychal Green,0.6,17.7,4.3,0.5,0.6,0.113,19.6,3.3,6.8,0.482,0.582,0.6,8.7
Garrett Temple,0.514,6.7,9.4,0.2,0.5,0.061,19.6,1.6,4.1,0.396,0.472,1.4,4.7
Marcin Gortat,0.562,18.4,12.0,0.6,0.8,0.089,16.0,2.1,4.0,0.532,0.532,1.4,5.0
Luc Mbah a Moute,0.495,6.1,4.5,0.0,0.0,0.009,15.3,2.0,4.5,0.444,0.5,0.5,5.0
Wilson Chandler,0.463,11.0,5.9,-0.1,0.2,0.009,15.1,1.5,4.4,0.348,0.447,0.7,4.3
Mike Scott,0.521,12.3,8.1,0.1,0.7,0.055,14.4,1.8,4.4,0.4,0.513,0.8,4.8
Boban Marjanović,0.666,21.4,9.3,1.2,0.5,0.217,10.4,2.4,3.9,0.607,0.607,0.6,6.7
Tyrone Wallace,0.45,8.5,9.5,-0.8,0.5,-0.023,10.1,1.5,3.5,0.424,0.433,0.7,3.5
Miloš Teodosić,0.557,5.7,28.8,-0.1,0.1,-0.019,10.0,1.1,2.7,0.425,0.55,2.1,3.2
Jerome Robinson,0.491,6.8,8.3,-0.2,0.3,0.012,9.7,1.3,3.3,0.4,0.482,0.6,3.4
Ángel Delgado,0.255,14.1,0.0,0.0,0.0,-0.055,7.5,0.5,2.5,0.2,0.2,0.0,1.5
Johnathan Motley,0.563,17.3,11.7,0.1,0.2,0.092,7.1,1.8,3.3,0.534,0.534,0.5,4.6
Sindarius Thornwell,0.485,7.5,7.2,-0.3,0.3,0.004,4.9,0.3,0.8,0.347,0.378,0.3,1.0
Harrison Barnes,0.578,8.4,7.5,1.1,0.5,0.084,33.9,5.0,11.1,0.455,0.54,1.9,14.3
Buddy Hield,0.587,8.1,11.9,4.3,1.6,0.108,31.9,7.6,16.6,0.458,0.56,2.5,20.7
De'Aaron Fox,0.544,6.2,33.2,3.2,2.5,0.106,31.4,6.2,13.6,0.458,0.497,7.3,17.3
Bogdan Bogdanović,0.53,6.4,19.3,1.3,1.4,0.067,27.8,5.2,12.3,0.418,0.496,3.8,14.1
Willie Cauley-Stein,0.566,15.8,12.3,3.8,2.9,0.146,27.3,5.1,9.1,0.556,0.557,2.4,11.9
Iman Shumpert,0.511,6.0,10.7,0.3,0.9,0.054,26.2,3.2,8.3,0.382,0.489,2.2,8.9
Marvin Bagley III,0.562,15.5,5.9,2.0,1.6,0.11,25.3,5.7,11.4,0.504,0.525,1.0,14.9
Nemanja Bjelica,0.585,12.8,11.1,2.7,1.9,0.122,23.2,3.7,7.7,0.479,0.566,1.9,9.6
Justin Jackson,0.546,6.9,8.0,1.0,0.6,0.072,20.8,2.4,5.7,0.424,0.517,1.3,6.7
Yogi Ferrell,0.55,5.3,17.0,1.3,0.6,0.087,15.0,2.2,5.0,0.435,0.511,1.9,5.9
Troy Williams,0.531,9.7,4.7,0.1,0.3,0.064,14.9,2.1,4.7,0.449,0.52,0.5,5.3
Corey Brewer,0.562,8.6,10.3,0.5,0.4,0.115,14.7,1.4,3.1,0.446,0.514,1.2,4.1
Harry Giles,0.526,14.0,15.2,0.0,1.0,0.056,14.1,3.0,6.0,0.503,0.503,1.5,7.0
Kosta Koufos,0.477,18.2,9.5,0.0,0.7,0.063,12.0,1.7,3.6,0.477,0.477,0.9,3.7
Frank Mason III,0.502,5.1,26.3,0.0,0.3,0.033,11.4,1.9,4.4,0.42,0.462,2.2,5.1
Caleb Swanigan,0.405,18.7,15.6,0.0,0.1,0.053,11.0,1.3,3.0,0.444,0.444,1.3,2.7
Alec Burks,0.495,8.9,9.5,0.0,0.2,0.062,9.8,0.7,1.5,0.45,0.45,0.8,1.7
Skal Labissière,0.517,10.9,6.8,-0.1,0.1,0.018,8.7,1.0,2.3,0.433,0.5,0.5,2.8
Ben McLemore,0.541,5.5,3.4,0.1,0.1,0.055,8.3,1.3,3.4,0.391,0.523,0.2,3.9
B.J. Johnson,0.5,0.0,0.0,0.0,0.0,-0.008,6.0,1.0,2.0,0.5,0.5,0.0,2.0
LeBron James,0.588,12.4,39.4,4.7,2.6,0.179,35.2,10.1,19.9,0.51,0.56,8.3,27.4
Brandon Ingram,0.555,7.8,12.9,0.6,1.4,0.055,33.8,7.0,14.0,0.497,0.518,3.0,18.3
Kyle Kuzma,0.546,8.5,11.5,1.2,1.9,0.065,33.1,7.1,15.5,0.456,0.515,2.5,18.7
Lonzo Ball,0.487,9.1,23.8,-0.2,1.7,0.052,30.3,3.9,9.7,0.406,0.488,5.4,9.9
Rajon Rondo,0.473,9.2,35.5,-0.2,1.5,0.047,29.8,3.8,9.4,0.405,0.464,8.0,9.2
Reggie Bullock,0.545,4.9,5.0,0.2,0.4,0.061,27.6,3.3,8.1,0.412,0.523,1.1,9.3
Josh Hart,0.526,7.5,7.0,0.2,1.9,0.059,25.6,2.8,6.9,0.407,0.506,1.4,7.8
Kentavious Caldwell-Pope,0.568,6.0,7.5,2.3,1.8,0.095,24.8,4.0,9.2,0.43,0.53,1.3,11.4
Jemerrio Jones,0.398,17.7,11.4,0.0,0.2,0.084,23.8,2.0,5.5,0.364,0.394,2.2,4.5
JaVale McGee,0.634,17.5,4.8,3.0,2.9,0.171,22.3,5.3,8.5,0.624,0.625,0.7,12.0
Alex Caruso,0.569,6.5,19.7,0.5,0.6,0.093,21.2,3.1,6.9,0.445,0.514,3.1,9.2
Lance Stephenson,0.529,9.9,17.3,-0.1,1.2,0.049,16.5,2.7,6.4,0.426,0.51,2.1,7.2
Tyson Chandler,0.626,17.6,4.8,0.9,1.1,0.117,16.4,1.1,1.8,0.609,0.609,0.6,3.1
Ivica Zubac,0.633,16.2,7.3,1.1,0.6,0.165,15.6,3.4,5.8,0.58,0.58,0.8,8.5
Mike Muscala,0.578,8.6,7.1,0.3,0.3,0.107,15.6,2.1,4.9,0.434,0.56,0.8,5.9
Johnathan Williams,0.599,13.7,4.9,0.7,0.3,0.135,15.5,2.7,4.6,0.591,0.591,0.5,6.5
Svi Mykhailiuk,0.451,4.2,10.1,-0.4,0.3,-0.013,10.8,1.1,3.4,0.333,0.436,0.8,3.3
Michael Beasley,0.532,11.2,14.8,-0.1,0.4,0.039,10.7,2.9,5.9,0.49,0.5,1.0,7.0
Moritz Wagner,0.533,9.8,7.4,-0.3,0.5,0.02,10.4,1.7,4.0,0.415,0.48,0.6,4.8
Isaac Bonga,0.24,10.8,14.9,-0.3,0.2,-0.059,5.5,0.2,1.5,0.152,0.152,0.7,0.9
Scott Machado,0.776,0.0,23.5,0.1,0.0,0.281,4.8,1.0,1.5,0.667,0.75,0.8,2.5
Andre Ingram,0.0,6.9,0.0,-0.1,0.0,-0.408,3.8,0.0,1.5,0.0,0.0,0.0,0.0
Devin Booker,0.584,6.5,34.1,3.3,0.3,0.076,35.0,9.2,19.6,0.467,0.521,6.8,26.6
Trevor Ariza,0.525,9.1,13.5,0.2,0.5,0.035,34.0,3.3,8.7,0.379,0.489,3.3,9.9
T.J. Warren,0.58,7.1,7.7,1.6,0.5,0.074,31.6,6.9,14.2,0.486,0.549,1.5,18.0
Tyler Johnson,0.506,7.1,18.6,0.4,0.1,0.06,31.2,3.5,9.6,0.368,0.44,4.2,11.1
Deandre Ayton,0.608,18.5,9.6,4.1,1.7,0.128,30.7,7.2,12.3,0.585,0.585,1.8,16.3
Kelly Oubre Jr.,0.555,9.2,8.7,0.5,0.8,0.054,29.5,6.1,13.4,0.453,0.515,1.6,16.9
Mikal Bridges,0.556,6.0,9.8,1.7,1.2,0.058,29.5,3.0,6.9,0.43,0.523,2.1,8.3
Isaiah Canaan,0.515,5.4,17.0,-0.1,0.0,-0.007,26.5,2.7,6.8,0.395,0.492,3.3,7.5
Josh Jackson,0.487,9.7,14.1,-2.8,1.1,-0.04,25.2,4.4,10.6,0.413,0.456,2.3,11.5
De'Anthony Melton,0.466,7.5,22.3,-0.8,0.8,0.002,19.7,2.0,5.1,0.391,0.447,3.2,5.0
Jamal Crawford,0.522,3.9,27.7,0.1,0.0,0.006,18.9,2.7,6.8,0.397,0.474,3.6,7.9
Ryan Anderson,0.423,9.0,8.1,-0.2,0.0,-0.039,18.5,1.3,4.0,0.317,0.375,1.1,3.7
Elie Okobo,0.489,5.7,18.7,-0.7,0.2,-0.027,18.1,2.2,5.5,0.393,0.46,2.4,5.7
Dragan Bender,0.521,12.3,9.4,0.0,0.4,0.027,18.0,1.9,4.3,0.447,0.503,1.2,5.0
Richaun Holmes,0.647,15.5,7.9,3.1,1.1,0.173,16.9,3.2,5.2,0.608,0.608,0.9,8.2
Troy Daniels,0.558,5.3,5.0,0.2,0.1,0.02,14.9,2.2,5.4,0.411,0.545,0.5,6.2
Tyson Chandler,0.653,24.3,9.1,0.1,0.1,0.092,12.7,1.1,1.7,0.667,0.667,0.9,3.7
Quincy Acy,0.379,11.3,8.2,-0.1,0.0,-0.022,12.3,0.4,1.8,0.222,0.278,0.8,1.7
Ray Spalding,0.516,18.1,5.2,0.0,0.2,0.051,11.3,1.9,3.6,0.532,0.532,0.4,4.2
Jimmer Fredette,0.348,6.0,17.5,-0.2,0.0,-0.166,10.8,1.3,4.8,0.276,0.276,1.3,3.7
Emanuel Terry,0.654,16.6,8.0,0.0,0.0,0.127,10.0,2.0,3.0,0.667,0.667,0.5,4.5
Jawun Evans,0.231,10.4,20.0,-0.2,0.0,-0.139,9.1,0.4,1.9,0.231,0.231,1.4,0.9
George King,,9.2,0.0,0.0,0.0,-0.001,6.0,0.0,0.0,,,0.0,0.0
Eric Moreland,,33.2,0.0,0.0,0.0,0.077,5.0,0.0,0.0,,,0.0,0.0
James Harden,0.616,10.0,39.5,11.4,3.8,0.254,36.8,10.8,24.5,0.442,0.541,7.5,36.1
P.J. Tucker,0.547,9.5,4.6,2.0,3.0,0.086,34.2,2.5,6.4,0.396,0.535,1.2,7.3
Clint Capela,0.658,20.8,7.1,7.8,3.0,0.23,33.6,7.1,10.9,0.648,0.648,1.4,16.6
Chris Paul,0.56,7.9,39.3,4.4,2.2,0.172,32.0,5.2,12.4,0.419,0.508,8.2,15.6
Eric Gordon,0.549,3.8,9.4,1.7,1.0,0.059,31.7,5.6,13.8,0.409,0.525,1.9,16.2
Carmelo Anthony,0.513,10.2,2.6,0.1,0.2,0.048,29.4,4.9,12.1,0.405,0.492,0.5,13.4
Austin Rivers,0.511,3.7,11.7,0.8,0.6,0.05,28.6,3.3,8.0,0.413,0.507,2.3,8.7
Danuel House Jr.,0.646,7.9,5.9,1.6,0.7,0.113,25.1,3.0,6.5,0.468,0.615,1.0,9.4
Kenneth Faried,0.622,18.7,4.9,1.8,0.7,0.198,24.4,5.2,8.9,0.587,0.603,0.7,12.9
James Ennis III,0.622,6.8,4.1,1.4,0.8,0.112,23.7,2.6,5.3,0.493,0.597,0.7,7.4
Gerald Green,0.555,6.8,4.1,0.9,1.0,0.061,20.2,3.2,7.9,0.4,0.535,0.5,9.2
Iman Shumpert,0.456,7.8,7.6,-0.2,0.3,0.019,19.1,1.7,4.9,0.347,0.454,1.1,4.6
James Nunnally,0.346,1.5,7.2,-0.1,0.0,-0.068,19.0,1.5,6.5,0.231,0.346,1.0,4.5
Nenê,0.552,12.5,6.8,0.8,0.6,0.123,13.0,1.4,2.8,0.517,0.517,0.6,3.6
Gary Clark,0.48,10.0,3.8,0.3,0.7,0.071,12.6,1.0,3.0,0.331,0.467,0.4,2.9
Brandon Knight,0.347,4.2,10.6,-0.3,0.0,-0.113,9.8,0.9,3.9,0.234,0.287,0.8,3.0
Michael Carter-Williams,0.476,5.0,22.7,0.0,0.2,0.044,9.1,1.6,3.8,0.41,0.467,1.3,4.3
Vince Edwards,0.375,6.9,0.0,0.0,0.0,-0.014,8.0,0.5,2.0,0.25,0.375,0.0,1.5
Isaiah Hartenstein,0.562,11.8,9.4,0.2,0.3,0.101,7.9,0.7,1.5,0.488,0.512,0.5,1.9
Marquese Chriss,0.391,14.9,8.2,-0.3,0.1,-0.101,6.5,0.7,2.1,0.324,0.338,0.4,1.8
Chris Chiozza,0.375,6.7,16.1,0.0,0.0,0.023,4.7,0.3,1.1,0.25,0.375,0.6,0.9
Terrence Jones,0.225,44.2,0.0,-0.1,0.0,-0.661,2.5,0.5,2.0,0.25,0.25,0.0,1.0
Zhou Qi,1.0,0.0,0.0,0.0,0.0,1.261,1.0,1.0,1.0,1.0,1.0,0.0,2.0
DeMar DeRozan,0.542,9.4,27.6,3.6,2.6,0.112,34.9,8.2,17.1,0.481,0.483,6.2,21.2
LaMarcus Aldridge,0.576,15.1,11.6,6.4,2.9,0.167,33.2,8.4,16.3,0.519,0.522,2.4,21.3
Bryn Forbes,0.586,5.7,10.6,2.5,1.3,0.079,28.0,4.4,9.6,0.456,0.568,2.1,11.8
Rudy Gay,0.583,13.9,14.7,2.2,2.2,0.115,26.7,5.4,10.8,0.504,0.554,2.6,13.7
Derrick White,0.555,7.8,21.0,1.7,1.9,0.101,25.8,3.9,8.1,0.479,0.523,3.9,9.9
Patty Mills,0.572,5.2,17.6,2.2,1.2,0.087,23.3,3.4,8.1,0.425,0.545,3.0,9.9
Marco Belinelli,0.557,5.9,10.1,1.4,1.1,0.065,23.0,3.6,8.7,0.413,0.52,1.7,10.5
Dāvis Bertāns,0.632,8.8,8.2,2.6,1.5,0.118,21.5,2.7,6.0,0.45,0.61,1.3,8.0
Jakob Poeltl,0.64,17.6,10.0,3.5,1.6,0.193,16.5,2.4,3.8,0.645,0.645,1.2,5.5
Dante Cunningham,0.585,11.0,6.8,1.0,0.9,0.097,14.5,1.2,2.5,0.475,0.57,0.8,3.0
Pau Gasol,0.544,21.0,20.2,0.6,0.5,0.16,12.2,1.5,3.3,0.466,0.494,1.9,4.2
Lonnie Walker IV,0.446,7.9,10.3,-0.1,0.2,0.019,6.9,0.9,2.7,0.348,0.402,0.5,2.6
Quincy Pondexter,0.641,8.6,10.6,0.5,0.3,0.128,5.5,0.5,1.1,0.5,0.552,0.5,1.8
Chimezie Metu,0.389,13.5,12.0,-0.5,0.2,-0.099,5.0,0.7,2.0,0.328,0.328,0.4,1.8
Drew Eubanks,0.646,16.4,8.3,0.1,0.2,0.12,4.9,0.7,1.1,0.577,0.577,0.3,1.8
Donatas Motiejūnas,0.436,12.6,11.9,-0.1,0.0,-0.246,4.3,1.0,2.0,0.5,0.5,0.3,2.0
Marc Gasol,0.541,14.3,22.6,1.0,2.8,0.104,33.7,5.7,12.9,0.444,0.499,4.7,15.7
Mike Conley,0.569,5.7,33.4,5.7,2.3,0.164,33.5,7.0,16.0,0.438,0.507,6.4,21.1
Avery Bradley,0.565,5.6,21.6,0.3,0.4,0.074,31.6,6.2,13.4,0.463,0.537,4.0,16.1
Garrett Temple,0.551,5.6,6.7,0.1,1.5,0.05,31.2,3.4,7.9,0.429,0.525,1.4,9.4
Delon Wright,0.519,9.9,26.9,0.9,1.1,0.119,30.8,4.4,10.2,0.434,0.472,5.3,12.2
Kyle Anderson,0.569,11.0,15.0,0.8,1.8,0.1,29.8,3.5,6.4,0.543,0.56,3.0,8.0
Justin Holiday,0.509,6.7,7.1,-0.6,1.4,0.029,29.1,3.4,8.7,0.389,0.474,1.4,9.5
Jonas Valančiūnas,0.594,21.6,15.7,0.7,0.9,0.14,27.7,8.0,14.7,0.545,0.554,2.2,19.9
Jaren Jackson Jr.,0.591,10.1,7.2,1.2,2.2,0.105,26.1,5.1,10.2,0.506,0.549,1.1,13.8
Bruno Caboclo,0.571,11.1,9.4,0.6,0.9,0.09,23.5,2.8,6.6,0.427,0.533,1.5,8.3
Shelvin Mack,0.499,4.8,23.3,0.1,1.0,0.045,22.7,3.0,7.3,0.414,0.473,3.4,7.9
C.J. Miles,0.544,5.2,7.4,0.1,0.3,0.054,22.6,3.2,8.1,0.4,0.514,1.1,9.3
JaMychal Green,0.58,15.7,6.5,0.4,1.4,0.094,22.0,3.7,7.6,0.484,0.545,0.9,9.8
Tyler Dorsey,0.541,8.8,14.2,0.4,0.3,0.073,21.3,3.6,8.3,0.429,0.526,1.9,9.8
Tyler Zeller,0.64,12.3,6.2,0.2,0.1,0.191,20.5,4.0,7.0,0.571,0.571,0.8,11.5
Chandler Parsons,0.484,7.9,13.4,-0.6,0.6,-0.004,19.8,2.7,7.3,0.374,0.453,1.7,7.5
Dillon Brooks,0.499,5.3,7.6,-0.3,0.3,-0.004,18.3,2.7,6.8,0.402,0.463,0.9,7.5
Joakim Noah,0.571,19.3,20.6,1.0,1.2,0.15,16.5,2.6,5.1,0.516,0.516,2.1,7.1
Jevon Carter,0.432,6.4,17.4,-0.7,0.7,-0.003,14.8,1.4,4.7,0.303,0.395,1.8,4.4
Ivan Rabb,0.586,16.0,12.0,1.2,0.9,0.137,14.7,2.4,4.3,0.547,0.554,1.1,5.8
Omri Casspi,0.606,12.4,8.1,0.6,0.7,0.119,14.4,2.4,4.5,0.534,0.581,0.7,6.3
Wayne Selden,0.495,5.4,12.4,-0.2,0.3,0.014,14.2,2.0,5.0,0.404,0.466,1.1,5.4
Julian Washburn,0.402,9.1,7.7,-0.2,0.3,0.023,14.1,0.9,2.7,0.333,0.385,0.8,2.2
MarShon Brooks,0.518,6.5,11.0,-0.2,0.3,0.018,13.3,2.6,5.8,0.45,0.494,0.9,6.6
Dusty Hannahs,0.311,2.2,28.8,-0.1,0.0,-0.125,13.0,1.5,6.0,0.25,0.25,2.5,4.0
Yuta Watanabe,0.352,10.0,6.6,-0.4,0.2,-0.065,11.6,1.0,3.4,0.294,0.314,0.5,2.6
D.J. Stephens,0.5,0.0,0.0,0.0,0.0,-0.119,7.0,1.0,2.0,0.5,0.5,0.0,2.0
Andrew Harrison,0.5,0.0,0.0,0.0,0.0,-0.013,5.0,1.0,2.0,0.5,0.5,0.0,2.0
Jrue Holiday,0.555,7.2,31.8,3.5,1.9,0.108,35.9,8.2,17.3,0.472,0.523,7.7,21.2
Anthony Davis,0.597,18.8,19.0,6.4,3.1,0.247,33.0,9.5,18.3,0.517,0.54,3.9,25.9
Julius Randle,0.6,14.7,15.8,4.2,1.9,0.131,30.6,7.8,14.9,0.524,0.555,3.1,21.4
Elfrid Payton,0.502,9.1,33.5,0.6,0.9,0.058,29.8,4.3,9.8,0.434,0.475,7.6,10.6
Nikola Mirotić,0.591,14.8,5.3,1.6,0.9,0.129,28.9,5.7,12.7,0.447,0.552,1.1,16.7
E'Twaun Moore,0.567,4.5,9.5,1.2,0.5,0.055,27.6,4.8,10.0,0.481,0.553,1.9,11.9
Darius Miller,0.55,3.8,10.4,1.1,0.6,0.045,25.5,2.7,7.0,0.39,0.528,2.1,8.2
Christian Wood,0.613,17.3,4.9,0.3,0.3,0.152,23.6,6.1,11.5,0.533,0.565,0.8,16.9
Kenrich Williams,0.485,10.5,9.5,0.3,0.9,0.053,23.5,2.3,6.1,0.384,0.477,1.8,6.1
Solomon Hill,0.497,7.8,7.6,0.1,0.4,0.029,20.0,1.5,4.0,0.382,0.472,1.3,4.3
Tim Frazier,0.552,7.8,28.0,1.1,0.4,0.081,19.3,1.9,4.1,0.451,0.521,4.4,5.0
Frank Jackson,0.517,5.9,8.0,0.1,0.4,0.018,19.2,3.2,7.3,0.434,0.493,1.1,8.1
Ian Clark,0.502,4.7,12.9,-0.4,0.3,-0.003,16.2,2.5,6.4,0.394,0.48,1.6,6.7
Jahlil Okafor,0.603,15.4,6.3,1.4,0.8,0.115,15.8,3.6,6.1,0.586,0.587,0.7,8.2
Wesley Johnson,0.517,7.4,5.2,0.0,0.2,0.032,14.5,1.3,3.4,0.398,0.506,0.6,3.7
Cheick Diallo,0.644,19.2,5.1,1.4,1.2,0.14,14.0,2.6,4.2,0.62,0.622,0.5,6.0
Dairis Bertāns,0.362,2.8,7.2,-0.2,0.0,-0.054,13.9,1.0,3.9,0.255,0.362,0.8,2.8
Stanley Johnson,0.496,8.8,15.1,-0.3,0.2,-0.028,13.7,2.1,5.1,0.418,0.478,1.6,5.3
Jason Smith,0.405,10.4,6.2,0.0,0.0,-0.049,10.0,1.0,4.5,0.222,0.333,0.5,4.0
Andrew Harrison,0.349,6.8,22.3,0.0,0.0,-0.051,6.3,0.5,2.0,0.25,0.333,1.2,1.5
Harrison Barnes,0.538,7.0,6.3,0.8,1.1,0.059,32.3,5.9,14.6,0.404,0.489,1.3,17.7
Luka Dončić,0.545,13.0,31.6,2.1,2.8,0.101,32.2,7.0,16.5,0.427,0.497,6.0,21.2
DeAndre Jordan,0.672,23.6,9.5,2.7,2.5,0.162,31.1,4.2,6.5,0.644,0.644,2.0,11.0
Wesley Matthews,0.556,4.2,11.6,1.0,0.8,0.066,29.8,4.4,10.7,0.414,0.52,2.3,13.1
Tim Hardaway Jr.,0.514,5.9,10.9,0.0,0.4,0.03,29.4,5.7,14.1,0.404,0.489,1.9,15.5
Dennis Smith Jr.,0.527,5.7,24.1,-0.7,0.9,0.01,28.4,4.9,11.2,0.44,0.5,4.3,12.9
Dorian Finney-Smith,0.53,10.5,6.9,1.2,2.0,0.079,24.5,2.8,6.5,0.432,0.507,1.2,7.5
Jalen Brunson,0.549,5.7,22.6,1.5,1.0,0.077,21.8,3.6,7.7,0.467,0.523,3.2,9.3
Dwight Powell,0.682,13.2,10.7,5.6,1.9,0.215,21.6,3.8,6.3,0.597,0.637,1.5,10.6
Maxi Kleber,0.579,11.7,6.8,1.6,1.8,0.111,21.2,2.5,5.4,0.453,0.553,1.0,6.8
J.J. Barea,0.495,6.8,47.5,0.4,0.6,0.064,19.8,4.2,10.1,0.418,0.468,5.6,10.9
Justin Jackson,0.584,6.7,8.4,1.0,0.3,0.114,18.3,3.2,6.6,0.484,0.568,1.0,8.2
Trey Burke,0.574,4.5,24.7,1.0,0.3,0.14,17.4,3.5,7.6,0.463,0.532,2.6,9.7
Devin Harris,0.527,5.6,16.7,0.6,0.9,0.068,15.8,1.9,5.1,0.38,0.47,1.8,6.3
Dirk Nowitzki,0.469,10.6,6.9,-0.5,0.8,0.016,15.6,2.6,7.4,0.359,0.444,0.7,7.3
Courtney Lee,0.47,5.4,11.4,-0.1,0.3,0.028,12.2,1.5,3.7,0.39,0.457,1.0,3.6
Daryl Macon,0.482,7.1,11.2,-0.1,0.0,-0.022,11.3,1.3,3.4,0.37,0.463,0.9,3.6
Salah Mejri,0.559,17.6,13.2,0.5,0.6,0.136,11.1,1.5,3.1,0.491,0.54,1.0,3.9
Ryan Broekhoff,0.621,7.4,7.2,0.5,0.3,0.086,10.8,1.4,3.0,0.452,0.603,0.5,4.0
Kostas Antetokounmpo,0.21,4.9,0.0,-0.1,0.0,-0.247,5.5,0.0,1.5,0.0,0.0,0.0,1.0
Ray Spalding,,0.0,0.0,0.0,0.0,0.0,1.0,0.0,0.0,,,0.0,0.0
